,secID,ticker,secShortName,exchangeCD,tradeDate,preClosePrice,actPreClosePrice,openPrice,highestPrice,lowestPrice,closePrice,turnoverVol,turnoverValue,dealAmount,turnoverRate,accumAdjFactor,negMarketValue,marketValue,chgPct,PE,PE1,PB,isOpen,vwap
0,000001.XSHE,000001,平安银行,XSHE,2020-01-02,16.45,16.45,16.65,16.95,16.55,16.87,153023187,2571196482.14,67692,0.0079,0.9832307696,327375048049,327377840034,0.0255,11.6992,10.3947,1.1364,1,16.803
1,000001.XSHE,000001,平安银行,XSHE,2020-01-03,16.87,16.87,16.94,17.31,16.92,17.18,111619481,1914495474.63,58875,0.0058,0.9832307696,333390831386,333393674676,0.0184,11.9142,10.5857,1.1573,1,17.152
2,000001.XSHE,000001,平安银行,XSHE,2020-01-06,17.18,17.18,17.01,17.34,16.91,17.07,86208350,1477930193.19,48856,0.0044,0.9832307696,331256198589,331259023674,-0.0064,11.8379,10.5179,1.1499,1,17.144
3,000001.XSHE,000001,平安银行,XSHE,2020-01-07,17.07,17.07,17.13,17.28,16.95,17.15,72860756,1247047135.26,45513,0.0038,0.9832307696,332808658805,332811497130,0.0047,11.8933,10.5672,1.1553,1,17.115
4,000001.XSHE,000001,平安银行,XSHE,2020-01-08,17.15,17.15,17.0,17.05,16.63,16.66,84782412,1423608811.18,52126,0.0044,0.9832307696,323299839982,323302597212,-0.0286,11.5535,10.2653,1.1223,1,16.791
5,000001.XSHE,000001,平安银行,XSHE,2020-01-09,16.66,16.66,16.81,16.93,16.53,16.79,103163665,1725326806.25,42178,0.0053,0.9832307696,325822587833,325825366578,0.0078,11.6437,10.3454,1.1311,1,16.724
6,000001.XSHE,000001,平安银行,XSHE,2020-01-10,16.79,16.79,16.79,16.81,16.52,16.69,58554845,975154818.78,37440,0.003,0.9832307696,323882012563,323884774758,-0.006,11.5743,10.2838,1.1243,1,16.654
7,000001.XSHE,000001,平安银行,XSHE,2020-01-13,16.69,16.69,16.75,17.03,16.61,16.99,87213336,1468271683.72,42233,0.0045,0.9832307696,329703738373,329706550218,0.018,11.7824,10.4686,1.1445,1,16.835
8,000001.XSHE,000001,平安银行,XSHE,2020-01-14,16.99,16.99,16.99,17.27,16.76,16.76,130449366,2217608852.69,60290,0.0067,0.9832307696,325240415252,325243189032,-0.0135,11.6229,10.3269,1.129,1,17.0
9,000001.XSHE,000001,平安银行,XSHE,2020-01-15,16.76,16.76,16.79,16.86,16.45,16.52,85943912,1424889228.07,60129,0.0044,0.9832307696,320583034604,320585768664,-0.0143,11.4564,10.179,1.1129,1,16.579
10,000001.XSHE,000001,平安银行,XSHE,2020-01-16,16.52,16.52,16.52,16.57,16.2,16.33,102810467,1678888507.83,62597,0.0053,0.9832307696,316895941591,316898644206,-0.0115,11.3247,10.062,1.1001,1,16.33
11,000001.XSHE,000001,平安银行,XSHE,2020-01-17,16.33,16.33,16.38,16.55,16.35,16.39,60543669,995909007.35,35196,0.0031,0.9832307696,318060286753,318062999298,0.0037,11.3663,10.0989,1.1041,1,16.449
12,000001.XSHE,000001,平安银行,XSHE,2020-01-20,16.39,16.39,16.43,16.61,16.35,16.45,74607475,1226464649.55,42805,0.0038,0.9832307696,319224631915,319227354390,0.0037,11.4079,10.1359,1.1081,1,16.439
13,000001.XSHE,000001,平安银行,XSHE,2020-01-21,16.45,16.45,16.34,16.34,15.93,16.0,89660310,1442171431.55,60130,0.0046,0.9832307696,310492043200,310494691200,-0.0274,11.0958,9.8586,1.0778,1,16.085
14,000001.XSHE,000001,平安银行,XSHE,2020-01-22,16.0,16.0,15.92,16.16,15.71,16.09,71946491,1150933398.98,49245,0.0037,0.9832307696,312238560943,312241223838,0.0056,11.1582,9.9141,1.0839,1,15.997
15,000001.XSHE,000001,平安银行,XSHE,2020-01-23,16.09,16.09,15.92,15.92,15.39,15.54,110059207,1723394336.66,71683,0.0057,0.9832307696,301565396958,301567968828,-0.0342,10.7768,9.5752,1.0468,1,15.659
16,000001.XSHE,000001,平安银行,XSHE,2020-02-03,15.54,15.54,13.99,14.7,13.99,13.99,225919483,3201454164.92,105935,0.0116,0.9832307696,271486480273,271488795618,-0.0997,9.7019,8.6202,0.9424,1,14.171
17,000001.XSHE,000001,平安银行,XSHE,2020-02-04,13.99,13.99,14.05,14.66,14.02,14.6,170617207,2442932842.71,92730,0.0088,0.9832307696,283323989420,283326405720,0.0436,10.1249,8.996,0.9835,1,14.318
18,000001.XSHE,000001,平安银行,XSHE,2020-02-05,14.6,14.6,14.59,14.89,14.32,14.63,149138021,2177632043.62,78307,0.0077,0.9832307696,283906162001,283908583266,0.0021,10.1458,9.0145,0.9855,1,14.601
19,000001.XSHE,000001,平安银行,XSHE,2020-02-06,14.63,14.63,14.81,14.87,14.51,14.77,118581572,1740107625.42,64488,0.0061,0.9832307696,286622967379,286625411814,0.0096,10.2428,9.1008,0.995,1,14.674
20,000001.XSHE,000001,平安银行,XSHE,2020-02-07,14.77,14.77,14.6,14.69,14.41,14.62,92485296,1345053255.67,60612,0.0048,0.9832307696,283712104474,283714524084,-0.0102,10.1388,9.0083,0.9849,1,14.543
21,000001.XSHE,000001,平安银行,XSHE,2020-02-10,14.62,14.62,14.51,14.53,14.3,14.5,133949524,1931983482.1,67636,0.0069,0.9832307696,281383414150,281385813900,-0.0082,9.98,9.98,0.899,1,14.423
22,000001.XSHE,000001,平安银行,XSHE,2020-02-11,14.5,14.5,14.6,14.94,14.56,14.79,140750744,2077194138.92,73836,0.0073,0.9832307696,287011082433,287013530178,0.02,10.1796,10.1796,0.917,1,14.758
23,000001.XSHE,000001,平安银行,XSHE,2020-02-12,14.79,14.79,14.79,14.82,14.6,14.77,107050321,1573229042.55,53396,0.0055,0.9832307696,286622967379,286625411814,-0.0014,10.1658,10.1658,0.9158,1,14.696
24,000001.XSHE,000001,平安银行,XSHE,2020-02-13,14.77,14.77,14.71,14.88,14.61,14.65,101320528,1491327713.78,53839,0.0052,0.9832307696,284294277055,284296701630,-0.0081,10.0832,10.0832,0.9083,1,14.719
25,000001.XSHE,000001,平安银行,XSHE,2020-02-14,14.65,14.65,14.75,15.14,14.7,15.03,151243473,2253906452.48,77558,0.0078,0.9832307696,291668463081,291670950546,0.0259,10.3448,10.3448,0.9319,1,14.903
26,000001.XSHE,000001,平安银行,XSHE,2020-02-17,15.03,15.03,15.04,15.37,14.93,15.37,154369601,2337993586.12,73992,0.008,0.9832307696,298266418999,298268962734,0.0226,10.5788,10.5788,0.953,1,15.145
27,000001.XSHE,000001,平安银行,XSHE,2020-02-18,15.37,15.37,15.33,15.33,15.01,15.2,97361235,1478274222.58,58486,0.005,0.9832307696,294967441040,294969956640,-0.0111,10.4618,10.4618,0.9424,1,15.183
28,000001.XSHE,000001,平安银行,XSHE,2020-02-19,15.2,15.2,15.1,15.37,15.08,15.24,87410693,1333730218.97,49140,0.0045,0.9832307696,295743671148,295746193368,0.0026,10.4893,10.4893,0.9449,1,15.258
29,000001.XSHE,000001,平安银行,XSHE,2020-02-20,15.24,15.24,15.27,15.62,15.1,15.59,123544434,1897923029.04,65911,0.0064,0.9832307696,302535684593,302538264738,0.023,10.7302,10.7302,0.9666,1,15.362
30,000001.XSHE,000001,平安银行,XSHE,2020-02-21,15.59,15.59,15.49,15.72,15.45,15.58,99507102,1546692930.16,55976,0.0051,0.9832307696,302341627066,302344205556,-0.0006,10.7233,10.7233,0.966,1,15.544
31,000001.XSHE,000001,平安银行,XSHE,2020-02-24,15.58,15.58,15.46,15.46,15.15,15.23,119179450,1820183854.52,66224,0.0061,0.9832307696,295549613621,295552134186,-0.0225,10.4824,10.4824,0.9443,1,15.273
32,000001.XSHE,000001,平安银行,XSHE,2020-02-25,15.23,15.23,15.0,15.13,14.78,15.04,114457502,1710369786.03,70939,0.0059,0.9832307696,291862520608,291865009728,-0.0125,10.3517,10.3517,0.9325,1,14.943
33,000001.XSHE,000001,平安银行,XSHE,2020-02-26,15.04,15.04,14.77,15.27,14.7,14.99,117659915,1769612245.37,60785,0.0061,0.9832307696,290892232973,290894713818,-0.0033,10.3172,10.3172,0.9294,1,15.04
34,000001.XSHE,000001,平安银行,XSHE,2020-02-27,14.99,14.99,14.96,15.15,14.89,15.11,97527090,1464605739.46,50031,0.005,0.9832307696,293220923297,293223424002,0.008,10.3998,10.3998,0.9369,1,15.017
35,000001.XSHE,000001,平安银行,XSHE,2020-02-28,15.11,15.11,14.85,15.04,14.46,14.5,130064445,1906892413.31,82732,0.0067,0.9832307696,281383414150,281385813900,-0.0404,9.98,9.98,0.899,1,14.661
36,000001.XSHE,000001,平安银行,XSHE,2020-03-02,14.5,14.5,14.55,14.95,14.46,14.79,111658066,1647432269.71,58630,0.0058,0.9832307696,287011082433,287013530178,0.02,10.1796,10.1796,0.917,1,14.754
37,000001.XSHE,000001,平安银行,XSHE,2020-03-03,14.79,14.79,14.96,14.99,14.63,14.72,115358432,1705816271.89,62499,0.0059,0.9832307696,285652679744,285655115904,-0.0047,10.1314,10.1314,0.9127,1,14.787
38,000001.XSHE,000001,平安银行,XSHE,2020-03-04,14.72,14.72,14.68,14.78,14.51,14.69,86259523,1261123063.83,46054,0.0044,0.9832307696,285070507163,285072938358,-0.002,10.1108,10.1108,0.9108,1,14.62
39,000001.XSHE,000001,平安银行,XSHE,2020-03-05,14.69,14.69,14.8,15.64,14.73,15.39,268660234,4089493523.03,126683,0.0138,0.9832307696,298654534053,298657081098,0.0477,10.5926,10.5926,0.9542,1,15.222
40,000001.XSHE,000001,平安银行,XSHE,2020-03-06,15.39,15.39,15.18,15.27,15.02,15.03,122853103,1858691259.32,68553,0.0063,0.9832307696,291668463081,291670950546,-0.0234,10.3448,10.3448,0.9319,1,15.129
41,000001.XSHE,000001,平安银行,XSHE,2020-03-09,15.03,15.03,14.71,14.73,14.42,14.45,166579354,2420392130.73,99852,0.0086,0.9832307696,280413126515,280415517990,-0.0386,9.9456,9.9456,0.8959,1,14.53
42,000001.XSHE,000001,平安银行,XSHE,2020-03-10,14.45,14.45,14.38,14.85,14.38,14.76,116786497,1709084565.32,63462,0.006,0.9832307696,286428909852,286431352632,0.0215,10.1589,10.1589,0.9152,1,14.634
43,000001.XSHE,000001,平安银行,XSHE,2020-03-11,14.76,14.76,14.77,14.88,14.62,14.69,81438164,1201250682.16,48142,0.0042,0.9832307696,285070507163,285072938358,-0.0047,10.1108,10.1108,0.9108,1,14.75
44,000001.XSHE,000001,平安银行,XSHE,2020-03-12,14.69,14.69,14.65,14.84,14.53,14.68,98649711,1447436641.92,47683,0.0051,0.9832307696,284876449636,284878879176,-0.0007,10.1039,10.1039,0.9102,1,14.672
45,000001.XSHE,000001,平安银行,XSHE,2020-03-13,14.68,14.68,13.9,14.58,13.9,14.52,116976580,1669009835.48,74232,0.006,0.9832307696,281771529204,281773932264,-0.0109,9.9938,9.9938,0.9003,1,14.268
46,000001.XSHE,000001,平安银行,XSHE,2020-03-16,14.52,14.52,14.45,14.46,13.75,13.75,140620218,1975824191.21,98078,0.0072,0.9832307696,266829099625,266831375250,-0.053,9.4638,9.4638,0.8525,1,14.051
47,000001.XSHE,000001,平安银行,XSHE,2020-03-17,13.75,13.75,13.75,13.97,13.13,13.41,117784906,1582506075.02,74635,0.0061,0.9832307696,260231143707,260233363062,-0.0247,9.2298,9.2298,0.8315,1,13.436
48,000001.XSHE,000001,平安银行,XSHE,2020-03-18,13.41,13.41,13.41,13.55,12.65,12.71,138478437,1816836893.63,87057,0.0071,0.9832307696,246647116817,246649220322,-0.0522,8.748,8.748,0.7881,1,13.12
49,000001.XSHE,000001,平安银行,XSHE,2020-03-19,12.71,12.71,12.68,12.74,11.91,12.23,189145713,2313863663.48,105865,0.0097,0.9832307696,237332355521,237334379586,-0.0378,8.4176,8.4176,0.7583,1,12.233
50,000001.XSHE,000001,平安银行,XSHE,2020-03-20,12.23,12.23,12.4,12.68,12.26,12.52,157835296,1967487818.45,73146,0.0081,0.9832307696,242960023804,242962095864,0.0237,8.6172,8.6172,0.7763,1,12.465
51,000001.XSHE,000001,平安银行,XSHE,2020-03-23,12.52,12.52,12.0,12.35,11.93,12.15,107111364,1300469494.43,56704,0.0055,0.9832307696,235779895305,235781906130,-0.0296,8.3625,8.3625,0.7533,1,12.141
52,000001.XSHE,000001,平安银行,XSHE,2020-03-24,12.15,12.15,12.4,12.68,12.27,12.61,118020026,1472909399.72,67052,0.0061,0.9832307696,244706541547,244708628502,0.0379,8.6791,8.6791,0.7819,1,12.48
53,000001.XSHE,000001,平安银行,XSHE,2020-03-25,12.61,12.61,12.88,13.07,12.7,12.87,113695774,1467534956.16,60751,0.0059,0.9832307696,249752037249,249754167234,0.0206,8.8581,8.8581,0.798,1,12.908
54,000001.XSHE,000001,平安银行,XSHE,2020-03-26,12.87,12.87,12.78,13.34,12.72,13.06,107519243,1408651057.34,59522,0.0055,0.9832307696,253439130262,253441291692,0.0148,8.9889,8.9889,0.8098,1,13.101
55,000001.XSHE,000001,平安银行,XSHE,2020-03-27,13.06,13.06,13.25,13.38,13.08,13.15,65301888,861618663.05,38464,0.0034,0.9832307696,255185648005,255187824330,0.0069,9.0508,9.0508,0.8153,1,13.194
56,000001.XSHE,000001,平安银行,XSHE,2020-03-30,13.15,13.15,12.85,13.04,12.76,12.94,66173879,852956240.25,37324,0.0034,0.9832307696,251110439938,251112581508,-0.016,8.9063,8.9063,0.8023,1,12.89
57,000001.XSHE,000001,平安银行,XSHE,2020-03-31,12.94,12.94,13.05,13.09,12.78,12.8,51337030,662915471.38,32700,0.0026,0.9832307696,248393634560,248395752960,-0.0108,8.8099,8.8099,0.7936,1,12.913
58,000001.XSHE,000001,平安银行,XSHE,2020-04-01,12.8,12.8,12.86,13.13,12.82,12.89,52083604,676070117.75,32484,0.0027,0.9832307696,250140152303,250142285598,0.007,8.8719,8.8719,0.7992,1,12.98
59,000001.XSHE,000001,平安银行,XSHE,2020-04-02,12.89,12.89,12.75,12.97,12.66,12.97,51836504,663197628.35,37716,0.0027,0.9832307696,251692612519,251694759054,0.0062,8.9269,8.9269,0.8042,1,12.794
60,000001.XSHE,000001,平安银行,XSHE,2020-04-03,12.97,12.97,12.82,12.89,12.55,12.61,82534814,1047282400.16,46969,0.0043,0.9832307696,244706541547,244708628502,-0.0278,8.6791,8.6791,0.7819,1,12.689
61,000001.XSHE,000001,平安银行,XSHE,2020-04-07,12.61,12.61,12.89,12.94,12.81,12.88,87031371,1121200115.41,46159,0.0045,0.9832307696,249946094776,249948226416,0.0214,8.865,8.865,0.7986,1,12.883
62,000001.XSHE,000001,平安银行,XSHE,2020-04-08,12.88,12.88,12.88,12.92,12.72,12.78,52871614,676604872.29,35955,0.0027,0.9832307696,248005519506,248007634596,-0.0078,8.7962,8.7962,0.7924,1,12.797
63,000001.XSHE,000001,平安银行,XSHE,2020-04-09,12.78,12.78,12.88,12.89,12.72,12.74,40855377,522027888.31,37688,0.0021,0.9832307696,247229289398,247231397868,-0.0031,8.7686,8.7686,0.7899,1,12.777
64,000001.XSHE,000001,平安银行,XSHE,2020-04-10,12.74,12.74,12.76,12.98,12.65,12.79,66667495,853689950.23,40945,0.0034,0.9832307696,248199577033,248201693778,0.0039,8.803,8.803,0.793,1,12.805
65,000001.XSHE,000001,平安银行,XSHE,2020-04-13,12.79,12.79,12.67,12.71,12.47,12.59,44621440,562008050.35,34911,0.0023,0.9832307696,244318426493,244320510138,-0.0156,8.6654,8.6654,0.7806,1,12.595
66,000001.XSHE,000001,平安银行,XSHE,2020-04-14,12.59,12.59,12.65,12.86,12.57,12.86,68608687,874856562.28,39251,0.0035,0.9832307696,249557979722,249560108052,0.0214,8.8512,8.8512,0.7974,1,12.751
67,000001.XSHE,000001,平安银行,XSHE,2020-04-15,12.86,12.86,12.86,12.93,12.78,12.87,65639640,843649273.39,30761,0.0034,0.9832307696,249752037249,249754167234,0.0008,8.5249,7.3045,0.7088,1,12.853
68,000001.XSHE,000001,平安银行,XSHE,2020-04-16,12.87,12.87,12.79,12.79,12.54,12.68,78915498,997623816.45,43839,0.0041,0.9832307696,246064944236,246067042776,-0.0148,8.3991,7.1966,0.6983,1,12.642
69,000001.XSHE,000001,平安银行,XSHE,2020-04-17,12.68,12.68,12.77,13.04,12.65,12.89,133116477,1713215766.82,65162,0.0069,0.9832307696,250140152303,250142285598,0.0166,8.5382,7.3158,0.7099,1,12.87
70,000001.XSHE,000001,平安银行,XSHE,2020-04-20,12.89,12.89,12.86,13.05,12.77,12.99,81845583,1058524019.15,42202,0.0042,0.9832307696,252080727573,252082877418,0.0078,8.6044,7.3726,0.7154,1,12.933
71,000001.XSHE,000001,平安银行,XSHE,2020-04-21,12.99,12.99,13.3,13.7,13.3,13.45,212244834,2861879086.09,106652,0.0109,0.9832307696,261007373815,261009599790,0.0354,8.9091,7.6336,0.7408,1,13.484
72,000001.XSHE,000001,平安银行,XSHE,2020-04-22,13.45,13.45,13.37,13.42,13.16,13.23,103280274,1368222854.71,56636,0.0053,0.9832307696,256738108221,256740297786,-0.0164,8.7634,7.5088,0.7286,1,13.248
73,000001.XSHE,000001,平安银行,XSHE,2020-04-23,13.23,13.23,13.23,13.31,13.11,13.23,64698963,855052110.23,40713,0.0033,0.9832307696,256738108221,256740297786,0.0,8.7634,7.5088,0.7286,1,13.216
74,000001.XSHE,000001,平安银行,XSHE,2020-04-24,13.23,13.23,13.17,13.28,13.11,13.24,56600161,747473770.46,50364,0.0029,0.9832307696,256932165748,256934356968,0.0008,8.77,7.5145,0.7292,1,13.206
75,000001.XSHE,000001,平安银行,XSHE,2020-04-27,13.24,13.24,13.3,13.64,13.25,13.5,93682990,1263809737.41,50871,0.0048,0.9832307696,261977661450,261979895700,0.0196,8.9422,7.662,0.7435,1,13.49
76,000001.XSHE,000001,平安银行,XSHE,2020-04-28,13.5,13.5,13.45,13.56,13.27,13.52,77156417,1038718080.27,69149,0.004,0.9832307696,262365776504,262368014064,0.0015,8.9555,7.6734,0.7446,1,13.462
77,000001.XSHE,000001,平安银行,XSHE,2020-04-29,13.52,13.52,13.48,14.1,13.45,14.02,110872239,1541638203.48,78285,0.0057,0.9832307696,272068652854,272070973164,0.037,9.2866,7.9572,0.7722,1,13.905
78,000001.XSHE,000001,平安银行,XSHE,2020-04-30,14.02,14.02,14.02,14.32,13.88,13.93,81954043,1155968238.13,52254,0.0042,0.9832307696,270322135111,270324440526,-0.0064,9.227,7.9061,0.7672,1,14.105
79,000001.XSHE,000001,平安银行,XSHE,2020-05-06,13.93,13.93,13.76,13.89,13.61,13.77,100899802,1382727481.73,54508,0.0052,0.9832307696,267217214679,267219493614,-0.0115,9.1211,7.8153,0.7584,1,13.704
80,000001.XSHE,000001,平安银行,XSHE,2020-05-07,13.77,13.77,13.76,13.76,13.6,13.69,66274923,904349531.99,34167,0.0034,0.9832307696,265664754463,265667020158,-0.0058,9.0681,7.7699,0.754,1,13.645
81,000001.XSHE,000001,平安银行,XSHE,2020-05-08,13.69,13.69,13.76,14.02,13.68,13.95,93478170,1297924588.29,44148,0.0048,0.9832307696,270710250165,270712558890,0.019,9.2403,7.9174,0.7683,1,13.885
82,000001.XSHE,000001,平安银行,XSHE,2020-05-11,13.95,13.95,13.92,14.13,13.9,14.0,61286229,859156594.22,41622,0.0032,0.9832307696,271680537800,271682854800,0.0036,9.2734,7.9458,0.771,1,14.019
83,000001.XSHE,000001,平安银行,XSHE,2020-05-12,14.0,14.0,13.95,14.05,13.72,13.79,55851114,772109502.04,36415,0.0029,0.9832307696,267605329733,267607611978,-0.015,9.1343,7.8266,0.7595,1,13.824
84,000001.XSHE,000001,平安银行,XSHE,2020-05-13,13.79,13.79,13.75,13.78,13.53,13.63,64035879,871062043.61,38807,0.0033,0.9832307696,264500409301,264502665066,-0.0116,9.0283,7.7358,0.7507,1,13.603
85,000001.XSHE,000001,平安银行,XSHE,2020-05-14,13.63,13.63,13.55,13.59,13.22,13.3,94467209,1259440848.24,68521,0.0049,0.9832307696,258096510910,258098712060,-0.0242,8.8097,7.5485,0.7325,1,13.332
86,000001.XSHE,000001,平安银行,XSHE,2020-05-15,13.3,13.3,13.39,13.43,13.14,13.23,75679447,1004313267.93,44186,0.0039,0.9832307696,256738108221,256740297786,-0.0053,8.7634,7.5088,0.7286,1,13.271
87,000001.XSHE,000001,平安银行,XSHE,2020-05-18,13.23,13.23,13.2,13.34,13.12,13.2,63720857,843479669.71,35874,0.0033,0.9832307696,256155935640,256158120240,-0.0023,8.7435,7.4918,0.727,1,13.237
88,000001.XSHE,000001,平安银行,XSHE,2020-05-19,13.2,13.2,13.41,13.45,13.27,13.36,60036864,801755671.01,41436,0.0031,0.9832307696,259260856072,259263067152,0.0121,8.8495,7.5826,0.7358,1,13.354
89,000001.XSHE,000001,平安银行,XSHE,2020-05-20,13.36,13.36,13.38,13.62,13.27,13.51,69085107,929928885.93,38338,0.0036,0.9832307696,262171718977,262173954882,0.0112,8.9488,7.6677,0.7441,1,13.461
90,000001.XSHE,000001,平安银行,XSHE,2020-05-21,13.51,13.51,13.52,13.57,13.36,13.4,55231200,742797057.29,32066,0.0028,0.9832307696,260037086180,260039303880,-0.0081,8.876,7.6053,0.738,1,13.449
91,000001.XSHE,000001,平安银行,XSHE,2020-05-22,13.4,13.4,13.33,13.34,12.92,12.92,85623733,1119433491.01,61728,0.0044,0.9832307696,250722324884,250724463144,-0.0358,8.558,7.3328,0.7116,1,13.074
92,000001.XSHE,000001,平安银行,XSHE,2020-05-25,12.92,12.92,12.97,12.98,12.76,12.96,41017078,528769352.5,31051,0.0021,0.9832307696,251498554992,251500699872,0.0031,8.5845,7.3555,0.7138,1,12.891
93,000001.XSHE,000001,平安银行,XSHE,2020-05-26,12.96,12.96,13.02,13.07,12.94,13.04,39621240,515451849.4,23896,0.002,0.9832307696,253051015208,253053173328,0.0062,8.6375,7.4009,0.7182,1,13.009
94,000001.XSHE,000001,平安银行,XSHE,2020-05-27,13.04,13.04,13.05,13.19,12.96,13.0,48296294,630305864.09,26455,0.0025,0.9832307696,252274785100,252276936600,-0.0031,8.611,7.3782,0.716,1,13.051
95,000001.XSHE,000001,平安银行,XSHE,2020-05-28,12.78,13.0,12.87,13.18,12.81,13.07,96076031,1255226999.49,48319,0.005,1.0,253633187789,253635350874,0.0227,8.6574,7.418,0.7198,1,13.065
96,000001.XSHE,000001,平安银行,XSHE,2020-05-29,13.07,13.07,13.01,13.04,12.92,13.0,45780822,594502123.85,27734,0.0024,1.0,252274785100,252276936600,-0.0054,8.611,7.3782,0.716,1,12.986
97,000001.XSHE,000001,平安银行,XSHE,2020-06-01,13.0,13.0,13.1,13.39,13.08,13.32,88296055,1173619006.66,47185,0.0045,1.0,258484625964,258486830424,0.0246,8.823,7.5599,0.7336,1,13.292
98,000001.XSHE,000001,平安银行,XSHE,2020-06-02,13.32,13.32,13.29,13.63,13.28,13.55,88345888,1194375822.06,46667,0.0046,1.0,262947949085,262950191610,0.0173,8.9753,7.6904,0.7463,1,13.519
99,000001.XSHE,000001,平安银行,XSHE,2020-06-03,13.55,13.55,13.64,13.88,13.5,13.54,95680308,1308782294.7,51031,0.0049,1.0,262753891558,262756132428,-0.0007,8.9687,7.6847,0.7457,1,13.679
100,000001.XSHE,000001,平安银行,XSHE,2020-06-04,13.54,13.54,13.53,13.64,13.41,13.57,58306633,788707630.29,36889,0.003,1.0,263336064139,263338309974,0.0022,8.9886,7.7018,0.7474,1,13.527
101,000001.XSHE,000001,平安银行,XSHE,2020-06-05,13.57,13.57,13.6,13.62,13.43,13.59,38302690,517232135.8,25148,0.002,1.0,263724179193,263726428338,0.0015,9.0018,7.7131,0.7485,1,13.504
102,000001.XSHE,000001,平安银行,XSHE,2020-06-08,13.59,13.59,13.68,13.85,13.58,13.62,58597190,802115792.06,35539,0.003,1.0,264306351774,264308605884,0.0022,9.0217,7.7301,0.7501,1,13.689
103,000001.XSHE,000001,平安银行,XSHE,2020-06-09,13.62,13.62,13.64,13.73,13.53,13.67,47430007,646895834.84,26102,0.0024,1.0,265276639409,265278901794,0.0037,9.0548,7.7585,0.7529,1,13.639
104,000001.XSHE,000001,平安银行,XSHE,2020-06-10,13.67,13.67,13.71,13.71,13.4,13.49,58047620,781995749.36,33365,0.003,1.0,261783603923,261785836518,-0.0132,8.9356,7.6563,0.743,1,13.472
105,000001.XSHE,000001,平安银行,XSHE,2020-06-11,13.49,13.49,13.38,13.39,13.0,13.08,134903982,1774199978.68,79025,0.007,1.0,253827245316,253829410056,-0.0304,8.664,7.4236,0.7204,1,13.152
106,000001.XSHE,000001,平安银行,XSHE,2020-06-12,13.08,13.08,12.9,13.02,12.87,12.99,103055057,1331618728.51,70777,0.0053,1.0,252080727573,252082877418,-0.0069,8.6044,7.3726,0.7154,1,12.921
107,000001.XSHE,000001,平安银行,XSHE,2020-06-15,12.99,12.99,12.85,12.97,12.8,12.82,66031307,850767506.43,44812,0.0034,1.0,248781749614,248783871324,-0.0131,8.4918,7.2761,0.7061,1,12.884
108,000001.XSHE,000001,平安银行,XSHE,2020-06-16,12.82,12.82,12.9,12.99,12.86,12.89,71805910,927043687.82,34379,0.0037,1.0,250140152303,250142285598,0.0055,8.5382,7.3158,0.7099,1,12.91
109,000001.XSHE,000001,平安银行,XSHE,2020-06-17,12.89,12.89,12.89,12.92,12.76,12.85,71646824,918251153.19,40080,0.0037,1.0,249363922195,249366048870,-0.0031,8.5117,7.2931,0.7077,1,12.816
110,000001.XSHE,000001,平安银行,XSHE,2020-06-18,12.85,12.85,12.76,12.8,12.59,12.76,111964780,1419972017.43,67007,0.0058,1.0,247617404452,247619516232,-0.007,8.452,7.242,0.7028,1,12.682
111,000001.XSHE,000001,平安银行,XSHE,2020-06-19,12.76,12.76,12.73,12.84,12.61,12.8,153952178,1954584919.95,83602,0.0079,1.0,248393634560,248395752960,0.0031,8.4785,7.2647,0.705,1,12.696
112,000001.XSHE,000001,平安银行,XSHE,2020-06-22,12.8,12.8,12.74,12.76,12.62,12.64,131907979,1671023278.99,80145,0.0068,1.0,245288714128,245290806048,-0.0125,8.3726,7.1739,0.6961,1,12.668
113,000001.XSHE,000001,平安银行,XSHE,2020-06-23,12.64,12.64,12.65,12.69,12.52,12.6,99080673,1248046646.72,54077,0.0051,1.0,244512484020,244514569320,-0.0032,8.3461,7.1512,0.6939,1,12.596
114,000001.XSHE,000001,平安银行,XSHE,2020-06-24,12.6,12.6,12.64,12.88,12.6,12.8,152322048,1946329095.31,78660,0.0078,1.0,248393634560,248395752960,0.0159,8.4785,7.2647,0.705,1,12.778
115,000001.XSHE,000001,平安银行,XSHE,2020-06-29,12.8,12.8,12.92,12.97,12.71,12.8,103848006,1330678288.83,53374,0.0054,1.0,248393634560,248395752960,0.0,8.4785,7.2647,0.705,1,12.814
116,000001.XSHE,000001,平安银行,XSHE,2020-06-30,12.8,12.8,12.83,12.88,12.72,12.8,93794022,1199181601.42,42751,0.0048,1.0,248393634560,248395752960,0.0,8.4785,7.2647,0.705,1,12.785
117,000001.XSHE,000001,平安银行,XSHE,2020-07-01,12.8,12.8,12.79,13.15,12.74,13.12,169739001,2202800843.97,76996,0.0087,1.0,254603475424,254605646784,0.025,8.6905,7.4464,0.7226,1,12.978
118,000001.XSHE,000001,平安银行,XSHE,2020-07-02,13.12,13.12,13.08,13.49,12.97,13.43,259050119,3433511084.46,124206,0.0133,1.0,260619258761,260621481426,0.0236,8.8958,7.6223,0.7397,1,13.254
119,000001.XSHE,000001,平安银行,XSHE,2020-07-03,13.43,13.43,13.57,14.32,13.56,14.25,376833363,5280918011.4,164583,0.0194,1.0,276531975975,276534334350,0.0611,9.439,8.0877,0.7848,1,14.014
120,000001.XSHE,000001,平安银行,XSHE,2020-07-06,14.25,14.25,14.6,15.68,14.59,15.68,471146078,7168653356.25,208369,0.0243,1.0,304282202336,304284797376,0.1004,10.3862,8.8993,0.8636,1,15.215
121,000001.XSHE,000001,平安银行,XSHE,2020-07-07,15.68,15.68,16.3,16.63,15.03,15.48,396442747,6267919683.04,195022,0.0204,1.0,300401051796,300403613736,-0.0128,10.2537,8.7858,0.8526,1,15.81
122,000001.XSHE,000001,平安银行,XSHE,2020-07-08,15.48,15.48,15.23,16.0,15.23,15.76,263133916,4095447757.17,125572,0.0136,1.0,305834662552,305837270832,0.0181,10.4392,8.9447,0.868,1,15.564
123,000001.XSHE,000001,平安银行,XSHE,2020-07-09,15.76,15.76,15.66,15.66,15.31,15.53,224399440,3469517329.73,117994,0.0116,1.0,301371339431,301373909646,-0.0146,10.2869,8.8142,0.8553,1,15.461
124,000001.XSHE,000001,平安银行,XSHE,2020-07-10,15.53,15.53,15.35,15.48,14.76,14.86,215877326,3254272377.89,129364,0.0111,1.0,288369485122,288371944452,-0.0431,9.8431,8.4339,0.8184,1,15.075
125,000001.XSHE,000001,平安银行,XSHE,2020-07-13,14.86,14.86,14.7,15.08,14.5,14.89,193716012,2871414844.76,115045,0.01,1.0,288951657703,288954121998,0.002,9.8629,8.4509,0.8201,1,14.823
126,000001.XSHE,000001,平安银行,XSHE,2020-07-14,14.89,14.89,14.9,15.19,14.55,14.68,195356627,2891773817.07,99273,0.0101,1.0,284876449636,284878879176,-0.0141,9.7238,8.3317,0.8085,1,14.803
127,000001.XSHE,000001,平安银行,XSHE,2020-07-15,14.68,14.68,14.78,14.86,14.23,14.27,204256283,2947173149.72,111237,0.0105,1.0,276920091029,276922452714,-0.0279,9.4522,8.099,0.7859,1,14.429
128,000001.XSHE,000001,平安银行,XSHE,2020-07-16,14.27,14.27,14.3,14.55,14.12,14.15,193089129,2771496391.19,94214,0.01,1.0,274591400705,274593742530,-0.0084,9.3728,8.0309,0.7793,1,14.353
129,000001.XSHE,000001,平安银行,XSHE,2020-07-17,14.15,14.15,14.17,14.28,13.95,14.14,129134677,1821043927.51,70398,0.0067,1.0,274397343178,274399683348,-0.0007,9.3661,8.0253,0.7788,1,14.102
130,000001.XSHE,000001,平安银行,XSHE,2020-07-20,14.14,14.14,14.23,14.77,14.1,14.73,197963200,2872758056.19,95504,0.0102,1.0,285846737271,285849175086,0.0417,9.7569,8.3601,0.8113,1,14.512
131,000001.XSHE,000001,平安银行,XSHE,2020-07-21,14.73,14.73,14.68,14.68,14.4,14.49,125286569,1815570300.6,78869,0.0065,1.0,281189356623,281191754718,-0.0163,9.598,8.2239,0.798,1,14.491
132,000001.XSHE,000001,平安银行,XSHE,2020-07-22,14.49,14.49,14.49,14.65,14.27,14.41,131295159,1895447229.41,67351,0.0068,1.0,279636896407,279639281262,-0.0055,9.545,8.1785,0.7936,1,14.437
133,000001.XSHE,000001,平安银行,XSHE,2020-07-23,14.41,14.41,14.24,14.29,13.81,14.01,202752587,2838535210.75,104167,0.0104,1.0,271874595327,271876913982,-0.0278,9.28,7.9515,0.7716,1,14.0
134,000001.XSHE,000001,平安银行,XSHE,2020-07-24,14.01,14.01,13.97,13.99,13.42,13.5,183088183,2504647111.34,105058,0.0094,1.0,261977661450,261979895700,-0.0364,8.9422,7.662,0.7435,1,13.68
135,000001.XSHE,000001,平安银行,XSHE,2020-07-27,13.5,13.5,13.67,13.68,13.1,13.24,188065335,2497551472.28,85879,0.0097,1.0,256932165748,256934356968,-0.0193,8.77,7.5145,0.7292,1,13.28
136,000001.XSHE,000001,平安银行,XSHE,2020-07-28,13.24,13.24,13.34,13.43,13.18,13.34,121700599,1618089558.6,55850,0.0063,1.0,258872741018,258874948788,0.0076,8.8362,7.5712,0.7347,1,13.296
137,000001.XSHE,000001,平安银行,XSHE,2020-07-29,13.34,13.34,13.35,13.63,13.21,13.54,151958025,2043847472.94,76538,0.0078,1.0,262753891558,262756132428,0.015,8.9687,7.6847,0.7457,1,13.45
138,000001.XSHE,000001,平安银行,XSHE,2020-07-30,13.54,13.54,13.5,13.51,13.37,13.37,96406763,1294444933.22,50723,0.005,1.0,259454913599,259457126334,-0.0126,8.8561,7.5882,0.7364,1,13.427
139,000001.XSHE,000001,平安银行,XSHE,2020-07-31,13.37,13.37,13.28,13.53,13.25,13.34,116582191,1559068291.63,63485,0.006,1.0,258872741018,258874948788,-0.0022,8.8362,7.5712,0.7347,1,13.373
140,000001.XSHE,000001,平安银行,XSHE,2020-08-03,13.34,13.34,13.47,13.62,13.43,13.59,144509616,1954607257.49,72019,0.0074,1.0,263724179193,263726428338,0.0187,9.0018,7.7131,0.7485,1,13.526
141,000001.XSHE,000001,平安银行,XSHE,2020-08-04,13.59,13.59,13.66,14.15,13.48,14.04,244566325,3388510059.27,128621,0.0126,1.0,272456767908,272459091528,0.0331,9.2999,7.9685,0.7733,1,13.855
142,000001.XSHE,000001,平安银行,XSHE,2020-08-05,14.04,14.04,13.82,13.85,13.62,13.76,144020313,1980352978.34,76498,0.0074,1.0,267023157152,267025434432,-0.0199,9.1144,7.8096,0.7578,1,13.751
143,000001.XSHE,000001,平安银行,XSHE,2020-08-06,13.76,13.76,13.82,13.96,13.65,13.9,135251068,1868047342.49,69701,0.007,1.0,269739962530,269742262980,0.0102,9.2072,7.889,0.7655,1,13.812
144,000001.XSHE,000001,平安银行,XSHE,2020-08-07,13.9,13.9,13.8,13.9,13.62,13.7,98867837,1356305781.15,52047,0.0051,1.0,265858811990,265861079340,-0.0144,9.0747,7.7755,0.7545,1,13.718
145,000001.XSHE,000001,平安银行,XSHE,2020-08-10,13.7,13.7,13.67,14.02,13.62,13.95,158771035,2208568316.49,81407,0.0082,1.0,270710250165,270712558890,0.0182,9.2403,7.9174,0.7683,1,13.91
146,000001.XSHE,000001,平安银行,XSHE,2020-08-11,13.95,13.95,13.97,14.66,13.97,14.13,260330789,3748036828.23,138400,0.0134,1.0,274203285651,274205624166,0.0129,9.3595,8.0196,0.7782,1,14.397
147,000001.XSHE,000001,平安银行,XSHE,2020-08-12,14.13,14.13,14.21,14.5,14.15,14.38,159681170,2287731088.15,85383,0.0082,1.0,279054723826,279057103716,0.0177,9.5251,8.1615,0.792,1,14.327
148,000001.XSHE,000001,平安银行,XSHE,2020-08-13,14.38,14.38,14.4,14.46,14.14,14.18,83726175,1190139725.41,51781,0.0043,1.0,275173573286,275175920076,-0.0139,9.3926,8.048,0.781,1,14.215
149,000001.XSHE,000001,平安银行,XSHE,2020-08-14,14.18,14.18,14.1,14.51,14.06,14.47,110321582,1578543607.1,59302,0.0057,1.0,280801241569,280803636354,0.0205,9.5847,8.2126,0.7969,1,14.309
150,000001.XSHE,000001,平安银行,XSHE,2020-08-17,14.47,14.47,14.6,15.35,14.55,15.19,326802780,4923669137.3,161650,0.0168,1.0,294773383513,294775897458,0.0498,10.0616,8.6212,0.8366,1,15.066
151,000001.XSHE,000001,平安银行,XSHE,2020-08-18,15.19,15.19,15.2,15.3,14.91,15.15,135026107,2033477707.99,76740,0.007,1.0,293997153405,293999660730,-0.0026,10.0351,8.5985,0.8344,1,15.06
152,000001.XSHE,000001,平安银行,XSHE,2020-08-19,15.15,15.15,15.11,15.35,14.96,15.1,142092811,2154215097.06,70933,0.0073,1.0,293026865770,293029364820,-0.0033,10.002,8.5701,0.8316,1,15.161
153,000001.XSHE,000001,平安银行,XSHE,2020-08-20,15.1,15.1,15.01,15.14,14.53,14.59,133380162,1962605013.7,84004,0.0069,1.0,283129931893,283132346538,-0.0338,9.6642,8.2807,0.8035,1,14.714
154,000001.XSHE,000001,平安银行,XSHE,2020-08-21,14.59,14.59,14.71,14.71,14.32,14.45,123451733,1787278581.34,67836,0.0064,1.0,280413126515,280415517990,-0.0096,9.5715,8.2012,0.7958,1,14.478
155,000001.XSHE,000001,平安银行,XSHE,2020-08-24,14.45,14.45,14.5,14.71,14.41,14.46,91944886,1338031969.4,53199,0.0047,1.0,280607184042,280609577172,0.0007,10.601,10.2577,0.7986,1,14.553
156,000001.XSHE,000001,平安银行,XSHE,2020-08-25,14.46,14.46,14.56,14.69,14.46,14.6,74832022,1090756854.22,45280,0.0039,1.0,283323989420,283326405720,0.0097,10.7037,10.357,0.8063,1,14.576
157,000001.XSHE,000001,平安银行,XSHE,2020-08-26,14.6,14.6,14.6,14.61,14.28,14.37,73411772,1057274169.74,49641,0.0038,1.0,278860666299,278863044534,-0.0158,10.5351,10.1939,0.7936,1,14.402
158,000001.XSHE,000001,平安银行,XSHE,2020-08-27,14.37,14.37,14.4,14.46,14.11,14.46,62666677,895618648.57,41512,0.0032,1.0,280607184042,280609577172,0.0063,10.601,10.2577,0.7986,1,14.292
159,000001.XSHE,000001,平安银行,XSHE,2020-08-28,14.46,14.46,14.26,15.18,14.26,15.13,241040002,3599035694.78,126417,0.0124,1.0,293609038351,293611542366,0.0463,11.0922,10.733,0.8356,1,14.931
160,000001.XSHE,000001,平安银行,XSHE,2020-08-31,15.13,15.13,15.3,15.68,14.99,15.08,179712954,2760350322.28,109149,0.0093,1.0,292638750716,292641246456,-0.0033,11.0556,10.6975,0.8328,1,15.36
161,000001.XSHE,000001,平安银行,XSHE,2020-09-01,15.08,15.08,14.96,15.23,14.88,15.14,81364258,1228342741.95,56776,0.0042,1.0,293803095878,293805601548,0.004,11.0996,10.7401,0.8361,1,15.097
162,000001.XSHE,000001,平安银行,XSHE,2020-09-02,15.14,15.14,15.01,15.53,15.01,15.32,167938297,2575966637.51,85951,0.0087,1.0,297296131364,297298666824,0.0119,11.2315,10.8678,0.846,1,15.339
163,000001.XSHE,000001,平安银行,XSHE,2020-09-03,15.32,15.32,15.32,15.33,14.84,14.9,127984159,1919266726.01,75228,0.0066,1.0,289145715230,289148181180,-0.0274,10.9236,10.5698,0.8229,1,14.996
164,000001.XSHE,000001,平安银行,XSHE,2020-09-04,14.9,14.9,14.73,15.06,14.6,14.96,90988999,1353550808.28,55281,0.0047,1.0,290310060392,290312536272,0.004,10.9676,10.6124,0.8262,1,14.876
165,000001.XSHE,000001,平安银行,XSHE,2020-09-07,14.96,14.96,14.88,15.24,14.83,14.94,103137681,1551971380.96,58707,0.0053,1.0,289921945338,289924417908,-0.0013,10.9529,10.5982,0.8251,1,15.048
166,000001.XSHE,000001,平安银行,XSHE,2020-09-08,14.94,14.94,15.0,15.43,15.0,15.43,140760166,2154220778.29,82143,0.0073,1.0,299430764161,299433317826,0.0328,11.3122,10.9458,0.8521,1,15.304
167,000001.XSHE,000001,平安银行,XSHE,2020-09-09,15.43,15.43,15.26,15.56,15.13,15.21,101357247,1554005575.35,63818,0.0052,1.0,295161498567,295164015822,-0.0143,11.1509,10.7897,0.84,1,15.332
168,000001.XSHE,000001,平安银行,XSHE,2020-09-10,15.21,15.21,15.32,15.48,15.2,15.34,95709239,1469402768.28,70215,0.0049,1.0,297684246418,297686785188,0.0085,11.2462,10.882,0.8472,1,15.353
169,000001.XSHE,000001,平安银行,XSHE,2020-09-11,15.34,15.34,15.18,15.3,14.82,15.01,95423625,1431844020.44,59504,0.0049,1.0,291280348027,291282832182,-0.0215,11.0043,10.6479,0.8289,1,15.005
170,000001.XSHE,000001,平安银行,XSHE,2020-09-14,15.01,15.01,15.01,15.3,14.92,15.3,68025105,1027508108.55,42738,0.0035,1.0,296908016310,296910548460,0.0193,11.2169,10.8536,0.8449,1,15.105
171,000001.XSHE,000001,平安银行,XSHE,2020-09-15,15.3,15.3,15.2,15.48,15.15,15.35,65713267,1007999044.11,43302,0.0034,1.0,297878303945,297880844370,0.0033,11.2535,10.889,0.8477,1,15.339
172,000001.XSHE,000001,平安银行,XSHE,2020-09-16,15.35,15.35,15.32,15.54,15.21,15.44,72241475,1114667832.11,41006,0.0037,1.0,299624821688,299627377008,0.0059,11.3195,10.9529,0.8527,1,15.43
173,000001.XSHE,000001,平安银行,XSHE,2020-09-17,15.44,15.44,15.54,15.72,15.4,15.57,98821563,1543414501.54,59755,0.0051,1.0,302147569539,302150146374,0.0084,11.4148,11.0451,0.8599,1,15.618
174,000001.XSHE,000001,平安银行,XSHE,2020-09-18,15.57,15.57,15.62,16.09,15.52,16.07,137319330,2186759087.81,83269,0.0071,1.0,311850445889,311853105474,0.0321,11.7814,11.3998,0.8875,1,15.925
175,000001.XSHE,000001,平安银行,XSHE,2020-09-21,16.07,16.07,16.0,16.05,15.71,15.86,89616165,1418370973.91,63950,0.0046,1.0,307775237822,307777862652,-0.0131,11.6274,11.2508,0.8759,1,15.827
176,000001.XSHE,000001,平安银行,XSHE,2020-09-22,15.86,15.86,15.67,15.84,15.39,15.57,86775631,1354536272.84,55771,0.0045,1.0,302147569539,302150146374,-0.0183,11.4148,11.0451,0.8599,1,15.61
177,000001.XSHE,000001,平安银行,XSHE,2020-09-23,15.57,15.57,15.59,15.83,15.51,15.63,59920047,939763265.95,39049,0.0031,1.0,303311914701,303314501466,0.0039,11.4588,11.0877,0.8632,1,15.684
178,000001.XSHE,000001,平安银行,XSHE,2020-09-24,15.63,15.63,15.59,15.61,15.12,15.12,106101124,1623376200.81,71693,0.0055,1.0,293414980824,293417483184,-0.0326,11.0849,10.7259,0.835,1,15.3
179,000001.XSHE,000001,平安银行,XSHE,2020-09-25,15.12,15.12,15.2,15.31,15.11,15.19,61408700,933035044.47,38187,0.0032,1.0,294773383513,294775897458,0.0046,11.1362,10.7755,0.8389,1,15.194
180,000001.XSHE,000001,平安银行,XSHE,2020-09-28,15.19,15.19,15.19,15.37,14.98,15.31,61271111,932800766.03,38648,0.0032,1.0,297102073837,297104607642,0.0079,11.2242,10.8607,0.8455,1,15.224
181,000001.XSHE,000001,平安银行,XSHE,2020-09-29,15.31,15.31,15.39,15.41,14.76,14.8,118237440,1766848544.72,72662,0.0061,1.0,287205139960,287207589360,-0.0333,10.8503,10.4989,0.8173,1,14.943
182,000001.XSHE,000001,平安银行,XSHE,2020-09-30,14.8,14.8,14.8,15.27,14.8,15.17,121706482,1838547595.46,71561,0.0063,1.0,294385268459,294387779094,0.025,11.1216,10.7614,0.8378,1,15.106
183,000001.XSHE,000001,平安银行,XSHE,2020-10-09,15.17,15.17,15.3,15.55,15.13,15.18,90042593,1376995906.6,57724,0.0046,1.0,294579325986,294581838276,0.0007,11.1289,10.7685,0.8383,1,15.293
184,000001.XSHE,000001,平安银行,XSHE,2020-10-12,15.18,15.18,15.22,16.05,15.21,15.9,159134715,2509002885.31,88385,0.0082,1.0,308551467930,308554099380,0.0474,11.6567,11.2792,0.8781,1,15.767
185,000001.XSHE,000001,平安银行,XSHE,2020-10-13,15.9,15.9,15.9,16.11,15.77,16.06,90881948,1453986337.96,58468,0.0047,1.0,311656388362,311659046292,0.0101,11.774,11.3927,0.8869,1,15.999
186,000001.XSHE,000001,平安银行,XSHE,2020-10-14,16.06,16.06,16.04,16.12,15.8,16.03,66256236,1057937816.08,44710,0.0034,1.0,311074215781,311076868746,-0.0019,11.7521,11.3714,0.8853,1,15.967
187,000001.XSHE,000001,平安银行,XSHE,2020-10-15,16.03,16.03,16.2,16.92,16.15,16.56,160006232,2654379585.66,93405,0.0082,1.0,321359264712,321362005392,0.0331,11.9147,10.7608,0.8957,1,16.589
188,000001.XSHE,000001,平安银行,XSHE,2020-10-16,16.56,16.56,16.56,17.37,16.54,17.1,209561419,3589229558.57,119147,0.0108,1.0,331838371170,331841201220,0.0326,12.3032,11.1117,0.9249,1,17.127
189,000001.XSHE,000001,平安银行,XSHE,2020-10-19,17.1,17.1,17.3,18.1,17.3,17.48,201610552,3571336006.25,112821,0.0104,1.0,339212557196,339215450136,0.0222,12.5766,11.3587,0.9455,1,17.714
190,000001.XSHE,000001,平安银行,XSHE,2020-10-20,17.48,17.48,17.48,17.6,17.25,17.54,96007195,1673173355.65,75885,0.0049,1.0,340376902358,340379805228,0.0034,12.6197,11.3977,0.9487,1,17.428
191,000001.XSHE,000001,平安银行,XSHE,2020-10-21,17.54,17.54,17.64,18.0,17.33,17.91,124456018,2204040364.8,73102,0.0064,1.0,347557030857,347559994962,0.0211,12.886,11.6381,0.9688,1,17.709
192,000001.XSHE,000001,平安银行,XSHE,2020-10-22,17.91,17.91,17.94,18.5,17.3,17.56,189051905,3342069010.79,95794,0.0097,1.0,340765017412,340767923592,-0.0195,12.6341,11.4107,0.9498,1,17.678
193,000001.XSHE,000001,平安银行,XSHE,2020-10-23,17.56,17.56,17.53,18.78,17.53,18.13,169850168,3105623948.39,113222,0.0088,1.0,351826296451,351829296966,0.0325,13.0442,11.7811,0.9807,1,18.284
194,000001.XSHE,000001,平安银行,XSHE,2020-10-26,18.13,18.13,18.2,18.29,17.45,17.7,117559865,2085800598.85,73886,0.0061,1.0,343481822790,343484752140,-0.0237,12.7349,11.5016,0.9574,1,17.742
195,000001.XSHE,000001,平安银行,XSHE,2020-10-27,17.7,17.7,18.0,18.0,17.5,17.76,103486504,1839243224.79,81124,0.0053,1.0,344646167952,344649107232,0.0034,12.778,11.5406,0.9606,1,17.773
196,000001.XSHE,000001,平安银行,XSHE,2020-10-28,17.76,17.76,17.76,17.9,17.29,17.63,120582386,2125604541.75,69400,0.0062,1.0,342123420101,342126337866,-0.0073,12.6845,11.4561,0.9536,1,17.628
197,000001.XSHE,000001,平安银行,XSHE,2020-10-29,17.63,17.63,17.54,17.93,17.35,17.77,84660362,1498040947.7,60928,0.0044,1.0,344840225479,344843166414,0.0079,12.7852,11.5471,0.9612,1,17.695
198,000001.XSHE,000001,平安银行,XSHE,2020-10-30,17.77,17.77,17.74,18.36,17.6,17.75,100780383,1813064343.12,64366,0.0052,1.0,344452110425,344455048050,-0.0011,12.7708,11.5341,0.9601,1,17.99
199,000001.XSHE,000001,平安银行,XSHE,2020-11-02,17.75,17.75,17.65,18.05,17.33,17.63,96845277,1702741437.95,67702,0.005,1.0,342123420101,342126337866,-0.0068,12.6845,11.4561,0.9536,1,17.582
200,000001.XSHE,000001,平安银行,XSHE,2020-11-03,17.63,17.63,17.71,18.34,17.7,17.96,95786863,1727488481.5,61320,0.0049,1.0,348527318492,348530290872,0.0187,12.9219,11.6706,0.9715,1,18.035
201,000001.XSHE,000001,平安银行,XSHE,2020-11-04,17.96,17.96,18.35,18.48,17.96,18.32,124763640,2275824963.43,81038,0.0064,1.0,355513389464,355516421424,0.02,13.1809,11.9045,0.9909,1,18.241
202,000001.XSHE,000001,平安银行,XSHE,2020-11-05,18.32,18.32,18.37,18.5,17.54,17.7,142946944,2558562453.18,101730,0.0074,1.0,343481822790,343484752140,-0.0338,12.7349,11.5016,0.9574,1,17.899
203,000001.XSHE,000001,平安银行,XSHE,2020-11-06,17.7,17.7,17.71,17.75,17.22,17.64,84878153,1486492208.37,62849,0.0044,1.0,342317477628,342320397048,-0.0034,12.6917,11.4626,0.9541,1,17.513
204,000001.XSHE,000001,平安银行,XSHE,2020-11-09,17.64,17.64,17.67,18.0,17.54,17.84,95142432,1688807401.7,65093,0.0049,1.0,346198628168,346201580688,0.0113,12.8356,11.5926,0.965,1,17.75
205,000001.XSHE,000001,平安银行,XSHE,2020-11-10,17.84,17.84,18.0,18.5,17.93,18.11,102106281,1854142808.85,73068,0.0053,1.0,351438181397,351441178602,0.0151,13.0299,11.7681,0.9796,1,18.159
206,000001.XSHE,000001,平安银行,XSHE,2020-11-11,18.11,18.11,18.2,18.3,17.6,17.81,94013007,1677811478.74,70458,0.0048,1.0,345616455587,345619403142,-0.0166,12.814,11.5731,0.9633,1,17.847
207,000001.XSHE,000001,平安银行,XSHE,2020-11-12,17.81,17.81,17.81,17.94,17.45,17.66,67725848,1197284181.11,52222,0.0035,1.0,342705592682,342708515412,-0.0084,12.7061,11.4756,0.9552,1,17.678
208,000001.XSHE,000001,平安银行,XSHE,2020-11-13,17.66,17.66,17.42,17.47,16.69,17.18,128918923,2191492021.21,83730,0.0066,1.0,333390831386,333393674676,-0.0272,12.3607,11.1637,0.9293,1,16.999
209,000001.XSHE,000001,平安银行,XSHE,2020-11-16,17.18,17.18,17.08,17.43,16.9,17.37,75985693,1308190459.6,56091,0.0039,1.0,337077924399,337080799134,0.0111,12.4974,11.2872,0.9395,1,17.216
210,000001.XSHE,000001,平安银行,XSHE,2020-11-17,17.37,17.37,17.38,17.93,17.25,17.83,85293051,1509511577.97,64130,0.0044,1.0,346004570641,346007521506,0.0265,12.8284,11.5861,0.9644,1,17.698
211,000001.XSHE,000001,平安银行,XSHE,2020-11-18,17.83,17.83,17.78,18.5,17.75,18.46,137340072,2508632642.49,86128,0.0071,1.0,358230194842,358233249972,0.0353,13.2817,11.9955,0.9985,1,18.266
212,000001.XSHE,000001,平安银行,XSHE,2020-11-19,18.46,18.46,18.59,18.98,18.3,18.85,121174062,2270476474.58,82063,0.0062,1.0,365798438395,365801558070,0.0211,13.5623,12.2489,1.0196,1,18.737
213,000001.XSHE,000001,平安银行,XSHE,2020-11-20,18.85,18.85,18.83,18.99,18.52,18.86,67391922,1265262915.59,51774,0.0035,1.0,365992495922,365995617252,0.0005,13.5695,12.2554,1.0201,1,18.775
214,000001.XSHE,000001,平安银行,XSHE,2020-11-23,18.86,18.86,18.85,19.62,18.8,19.62,116585826,2252290578.43,88311,0.006,1.0,380740867974,380744115084,0.0403,14.1163,12.7493,1.0612,1,19.319
215,000001.XSHE,000001,平安银行,XSHE,2020-11-24,19.62,19.62,19.62,19.68,19.17,19.36,67854323,1313496136.53,54629,0.0035,1.0,375695372272,375698576352,-0.0133,13.9292,12.5803,1.0472,1,19.358
216,000001.XSHE,000001,平安银行,XSHE,2020-11-25,19.36,19.36,19.48,19.7,19.05,19.06,55258501,1068352014.21,50543,0.0028,1.0,369873646462,369876800892,-0.0155,13.7134,12.3854,1.031,1,19.334
217,000001.XSHE,000001,平安银行,XSHE,2020-11-26,19.06,19.06,19.05,19.61,19.03,19.5,63965789,1240074378.13,53297,0.0033,1.0,378412177650,378415404900,0.0231,14.0299,12.6713,1.0548,1,19.387
218,000001.XSHE,000001,平安银行,XSHE,2020-11-27,19.5,19.5,20.0,20.0,19.38,19.7,75377374,1479430635.59,57207,0.0039,1.0,382293328190,382296588540,0.0103,14.1738,12.8013,1.0656,1,19.627
219,000001.XSHE,000001,平安银行,XSHE,2020-11-30,19.7,19.7,19.9,20.88,19.59,19.74,158144128,3213680470.07,115618,0.0081,1.0,383069558298,383072825268,0.002,14.2026,12.8272,1.0677,1,20.321
220,000001.XSHE,000001,平安银行,XSHE,2020-12-01,19.74,19.74,19.7,20.51,19.4,20.05,126371975,2516010782.49,89488,0.0065,1.0,389085341635,389088659910,0.0157,14.4257,13.0287,1.0845,1,19.91
221,000001.XSHE,000001,平安银行,XSHE,2020-12-02,20.05,20.05,19.93,20.06,19.52,19.63,88938529,1758639187.84,80790,0.0046,1.0,380934925501,380938174266,-0.0209,14.1235,12.7558,1.0618,1,19.774
222,000001.XSHE,000001,平安银行,XSHE,2020-12-03,19.63,19.63,19.78,19.86,19.17,19.54,71445230,1393085020.58,73693,0.0037,1.0,379188407758,379191641628,-0.0046,14.0587,12.6973,1.0569,1,19.499
223,000001.XSHE,000001,平安银行,XSHE,2020-12-04,19.54,19.54,19.47,19.47,18.97,19.3,89134784,1707639065.1,91536,0.0046,1.0,374531027110,374534221260,-0.0123,13.886,12.5413,1.0439,1,19.158
224,000001.XSHE,000001,平安银行,XSHE,2020-12-07,19.3,19.3,19.31,19.39,18.68,18.91,87380661,1655173465.4,79805,0.0045,1.0,366962783557,366965913162,-0.0202,13.6054,12.2879,1.0228,1,18.942
225,000001.XSHE,000001,平安银行,XSHE,2020-12-08,18.91,18.91,18.92,19.03,18.53,18.71,71964751,1345951734.38,65786,0.0037,1.0,363081633017,363084729522,-0.0106,13.4615,12.1579,1.012,1,18.703
226,000001.XSHE,000001,平安银行,XSHE,2020-12-09,18.71,18.71,18.79,19.05,18.68,18.71,67722115,1277484440.94,64954,0.0035,1.0,363081633017,363084729522,0.0,13.4615,12.1579,1.012,1,18.864
227,000001.XSHE,000001,平安银行,XSHE,2020-12-10,18.71,18.71,18.73,18.88,18.45,18.65,60786655,1130916254.15,55334,0.0031,1.0,361917287855,361920374430,-0.0032,13.4184,12.119,1.0088,1,18.605
228,000001.XSHE,000001,平安银行,XSHE,2020-12-11,18.65,18.65,18.71,18.8,18.22,18.52,88779387,1642392314.27,71732,0.0046,1.0,359394540004,359397605064,-0.007,13.3248,12.0345,1.0017,1,18.5
229,000001.XSHE,000001,平安银行,XSHE,2020-12-14,18.52,18.52,18.6,19.06,18.5,18.88,83599174,1575396008.32,67821,0.0043,1.0,366380610976,366383735616,0.0194,13.5839,12.2684,1.0212,1,18.845
230,000001.XSHE,000001,平安银行,XSHE,2020-12-15,18.88,18.88,18.8,18.85,18.15,18.74,78885794,1458268620.75,77691,0.0041,1.0,363663805598,363666907068,-0.0074,13.4831,12.1774,1.0136,1,18.486
231,000001.XSHE,000001,平安银行,XSHE,2020-12-16,18.74,18.74,18.8,19.1,18.58,19.01,68907042,1302133815.28,64123,0.0036,1.0,368903358827,368906504982,0.0144,13.6774,12.3529,1.0283,1,18.897
232,000001.XSHE,000001,平安银行,XSHE,2020-12-17,19.01,19.01,18.91,19.07,18.6,18.95,68614069,1294658299.27,68388,0.0035,1.0,367739013665,367742149890,-0.0032,13.6342,12.3139,1.025,1,18.869
233,000001.XSHE,000001,平安银行,XSHE,2020-12-18,18.95,18.95,19.0,19.1,18.23,18.36,105875636,1959764074.98,85154,0.0055,1.0,356289619572,356292658152,-0.0311,13.2097,11.9305,0.9931,1,18.51
234,000001.XSHE,000001,平安银行,XSHE,2020-12-21,18.36,18.36,18.3,18.64,18.03,18.28,90687811,1662649810.05,73755,0.0047,1.0,354737159356,354740184696,-0.0044,13.1522,11.8785,0.9888,1,18.334
235,000001.XSHE,000001,平安银行,XSHE,2020-12-22,18.28,18.28,18.36,18.65,17.88,17.9,102873751,1873638734.06,88426,0.0053,1.0,347362973330,347365935780,-0.0208,12.8788,11.6316,0.9682,1,18.213
236,000001.XSHE,000001,平安银行,XSHE,2020-12-23,17.9,17.9,17.96,18.07,17.79,18.0,75008273,1345650736.09,69060,0.0039,1.0,349303548600,349306527600,0.0056,12.9507,11.6966,0.9736,1,17.94
237,000001.XSHE,000001,平安银行,XSHE,2020-12-24,18.0,18.0,18.15,18.49,18.05,18.26,63295012,1155767283.67,59549,0.0033,1.0,354349044302,354352066332,0.0144,13.1378,11.8655,0.9877,1,18.26
238,000001.XSHE,000001,平安银行,XSHE,2020-12-25,18.26,18.26,18.26,18.26,17.8,18.04,57707733,1038128197.39,53547,0.003,1.0,350079778708,350082764328,-0.012,12.9795,11.7226,0.9758,1,17.989
239,000001.XSHE,000001,平安银行,XSHE,2020-12-28,18.04,18.04,18.02,18.86,17.96,18.85,127033706,2352947321.97,101143,0.0065,1.0,365798438395,365801558070,0.0449,13.5623,12.2489,1.0196,1,18.522
240,000001.XSHE,000001,平安银行,XSHE,2020-12-29,18.85,18.85,18.87,19.3,18.7,19.17,96309223,1837947238.25,81542,0.005,1.0,372008279259,372011451894,0.017,13.7925,12.4569,1.0369,1,19.084
241,000001.XSHE,000001,平安银行,XSHE,2020-12-30,19.17,19.17,19.0,19.2,18.72,19.2,97849778,1854082812.28,77935,0.005,1.0,372590451840,372593629440,0.0016,13.8141,12.4763,1.0385,1,18.948
242,000001.XSHE,000001,平安银行,XSHE,2020-12-31,19.2,19.2,19.21,19.58,19.02,19.34,92450343,1781736285.58,76009,0.0048,1.0,375307257218,375310457988,0.0073,13.9148,12.5673,1.0461,1,19.272
243,000001.XSHE,000001,平安银行,XSHE,2021-01-04,19.34,19.34,19.1,19.1,18.44,18.6,155421643,2891682312.05,119328,0.008,1.0,360947000220,360950078520,-0.0383,13.3824,12.0865,1.0061,1,18.605
244,000001.XSHE,000001,平安银行,XSHE,2021-01-05,18.6,18.6,18.4,18.48,17.8,18.17,182135210,3284606913.91,187364,0.0094,1.0,352602526559,352605533694,-0.0231,13.073,11.807,0.9828,1,18.034
245,000001.XSHE,000001,平安银行,XSHE,2021-01-06,18.17,18.17,18.08,19.56,18.0,19.56,193494512,3648521909.1,154714,0.01,1.0,379576522812,379579759992,0.0765,14.0731,12.7103,1.058,1,18.856
246,000001.XSHE,000001,平安银行,XSHE,2021-01-07,19.56,19.56,19.52,19.98,19.23,19.9,158418530,3111274625.37,123304,0.0082,1.0,386174478730,386177772180,0.0174,14.3177,12.9312,1.0764,1,19.64
247,000001.XSHE,000001,平安银行,XSHE,2021-01-08,19.9,19.9,19.9,20.1,19.31,19.85,119547322,2348316363.18,95828,0.0062,1.0,385204191095,385207476270,-0.0025,14.2818,12.8987,1.0737,1,19.643
248,000001.XSHE,000001,平安银行,XSHE,2021-01-11,19.85,19.85,20.0,20.64,20.0,20.38,179045714,3652546646.82,129019,0.0092,1.0,395489240026,395492612916,0.0267,14.6631,13.2431,1.1024,1,20.4
249,000001.XSHE,000001,平安银行,XSHE,2021-01-12,20.38,20.38,20.39,21.0,20.18,21.0,128816550,2657687440.67,95928,0.0066,1.0,407520806700,407524282200,0.0304,15.1092,13.646,1.1359,1,20.632
250,000001.XSHE,000001,平安银行,XSHE,2021-01-13,21.0,21.0,21.0,21.01,20.4,20.7,104911973,2161849708.04,91337,0.0054,1.0,401699080890,401702506740,-0.0143,14.8933,13.4511,1.1197,1,20.606
251,000001.XSHE,000001,平安银行,XSHE,2021-01-14,20.7,20.7,20.68,20.89,19.95,20.17,113015562,2306404546.81,81738,0.0058,1.0,391414031959,391417370094,-0.0256,14.512,13.1067,1.091,1,20.408
252,000001.XSHE,000001,平安银行,XSHE,2021-01-15,20.17,20.17,21.0,21.95,20.82,21.0,248068898,5311218074.76,143343,0.0128,1.0,407520806700,407524282200,0.0412,15.1092,13.646,1.1359,1,21.41
253,000001.XSHE,000001,平安银行,XSHE,2021-01-18,21.0,21.0,21.2,22.78,21.2,22.7,215730178,4792909447.95,147822,0.0111,1.0,440510586290,440514343140,0.081,16.3323,14.7507,1.2278,1,22.217
254,000001.XSHE,000001,平安银行,XSHE,2021-01-19,22.7,22.7,22.51,22.84,22.05,22.34,124208834,2790056611.29,109282,0.0064,1.0,433524515318,433528212588,-0.0159,16.0733,14.5167,1.2084,1,22.463
255,000001.XSHE,000001,平安银行,XSHE,2021-01-20,22.34,22.34,22.15,22.97,22.12,22.47,128079316,2889249850.45,95453,0.0066,1.0,436047263169,436050981954,0.0058,16.1668,14.6012,1.2154,1,22.558
256,000001.XSHE,000001,平安银行,XSHE,2021-01-21,22.47,22.47,22.5,22.8,22.15,22.23,94477860,2114252731.64,89980,0.0049,1.0,431389882521,431393561586,-0.0107,15.9941,14.4453,1.2024,1,22.378
257,000001.XSHE,000001,平安银行,XSHE,2021-01-22,22.23,22.23,22.23,22.23,21.51,22.03,92443442,2025834761.54,89155,0.0048,1.0,427508731981,427512377946,-0.009,15.8502,14.3153,1.1916,1,21.914
258,000001.XSHE,000001,平安银行,XSHE,2021-01-25,22.03,22.03,21.72,22.6,21.43,22.49,102836527,2269032820.67,82278,0.0053,1.0,436435378223,436439100318,0.0209,16.1812,14.6142,1.2165,1,22.064
259,000001.XSHE,000001,平安银行,XSHE,2021-01-26,22.49,22.49,22.3,23.32,22.3,22.37,112672055,2558575511.97,93504,0.0058,1.0,434106687899,434110390134,-0.0053,16.0949,14.5362,1.21,1,22.708
260,000001.XSHE,000001,平安银行,XSHE,2021-01-27,22.37,22.37,22.31,23.47,22.31,23.08,129415272,2976800955.73,104586,0.0067,1.0,447884772316,447888592056,0.0317,15.4829,15.4829,1.23,1,23.002
261,000001.XSHE,000001,平安银行,XSHE,2021-01-28,23.08,23.08,22.78,23.18,22.45,22.81,85747696,1948881146.95,80494,0.0044,1.0,442645219087,442648994142,-0.0117,15.3017,15.3017,1.2156,1,22.728
262,000001.XSHE,000001,平安银行,XSHE,2021-01-29,22.81,22.81,22.81,23.54,22.71,23.09,124025841,2864101419.33,105906,0.0064,1.0,448078829843,448082651238,0.0123,15.4896,15.4896,1.2306,1,23.093
263,000001.XSHE,000001,平安银行,XSHE,2021-02-01,23.09,23.09,23.0,24.99,22.7,24.55,147523930,3529556986.77,115321,0.0076,1.0,476411228785,476415291810,0.0632,16.469,16.469,1.3084,1,23.925
264,000001.XSHE,000001,平安银行,XSHE,2021-02-02,24.55,24.55,23.38,24.1,22.91,23.28,241616877,5679179941.74,163688,0.0125,1.0,451765964760,451769775696,-0.0517,15.617,15.617,1.2407,1,23.505
265,000001.XSHE,000001,平安银行,XSHE,2021-02-03,23.28,23.28,23.48,25.18,23.38,24.95,192327159,4690176486.28,164543,0.0099,1.0,484173574775,484177659090,0.0717,16.7373,16.7373,1.3297,1,24.386
266,000001.XSHE,000001,平安银行,XSHE,2021-02-04,24.95,24.95,24.18,25.24,24.04,24.6,125524750,3084553750.95,137156,0.0065,1.0,477381560700,477385587720,-0.014,16.5025,16.5025,1.311,1,24.573
267,000001.XSHE,000001,平安银行,XSHE,2021-02-05,24.6,24.6,24.6,25.31,24.27,24.93,101557559,2517804159.63,111890,0.0052,1.0,483785459685,483789540726,0.0134,16.7239,16.7239,1.3286,1,24.792
268,000001.XSHE,000001,平安银行,XSHE,2021-02-08,24.93,24.93,24.9,24.9,24.1,24.8,108426467,2650948251.38,93243,0.0056,1.0,481262711600,481266771360,-0.0052,16.6367,16.6367,1.3217,1,24.449
269,000001.XSHE,000001,平安银行,XSHE,2021-02-09,24.8,24.8,24.79,24.84,24.17,24.58,94209355,2302978158.4,96636,0.0049,1.0,476993445610,476997469356,-0.0089,16.4891,16.4891,1.31,1,24.445
270,000001.XSHE,000001,平安银行,XSHE,2021-02-10,24.58,24.58,24.6,24.96,23.38,23.82,191886710,4569741959.9,145987,0.0099,1.0,462245072190,462248971524,-0.0309,15.9793,15.9793,1.2695,1,23.815
271,000001.XSHE,000001,平安银行,XSHE,2021-02-18,23.82,23.82,24.0,24.55,23.48,24.3,150523081,3619387651.71,131663,0.0078,1.0,471559834350,471563812260,0.0202,16.3013,16.3013,1.295,1,24.045
272,000001.XSHE,000001,平安银行,XSHE,2021-02-19,24.3,24.3,23.96,24.19,23.57,23.85,92258314,2197558286.91,89755,0.0048,1.0,462827244825,462831149070,-0.0185,15.9994,15.9994,1.2711,1,23.82
